company_name,email,accountant_name,invoice_creation_date,invoice_payment_date,customer_name
"Larson, Hilpert and Hegmann",cstiller2@ca.gov,Catarina Stiller,2020-09-15,2020-12-02,Corette Charon
"Larson, Hilpert and Hegmann",cstiller2@ca.gov,Catarina Stiller,2020-07-05,2020-07-24,Ernesto Assinder
"Larson, Hilpert and Hegmann",cstiller2@ca.gov,Catarina Stiller,2020-08-01,2020-09-15,Ardith Bavester
"Larson, Hilpert and Hegmann",cstiller2@ca.gov,Catarina Stiller,2020-11-26,2020-11-05,Neila Scates
"Larson, Hilpert and Hegmann",cstiller2@ca.gov,Catarina Stiller,2020-07-30,2020-10-24,Neila Scates
"Larson, Hilpert and Hegmann",cstiller2@ca.gov,Catarina Stiller,2020-07-07,2020-12-04,Neila Scates
"Larson, Hilpert and Hegmann",cstiller2@ca.gov,Catarina Stiller,2020-08-31,2020-07-04,Darin Orable
"Larson, Hilpert and Hegmann",cstiller2@ca.gov,Catarina Stiller,2020-09-02,2020-07-30,Bessie Cammomile
"Larson, Hilpert and Hegmann",cstiller2@ca.gov,Catarina Stiller,2020-08-21,2020-10-14,Bessie Cammomile
"Larson, Hilpert and Hegmann",cstiller2@ca.gov,Catarina Stiller,2020-10-18,2020-07-11,Bessie Cammomile
"Larson, Hilpert and Hegmann",cstiller2@ca.gov,Catarina Stiller,2020-08-05,2020-11-17,Jameson Oliphard
"Larson, Hilpert and Hegmann",cstiller2@ca.gov,Catarina Stiller,2020-09-21,2020-07-11,Shaylynn Chippendale
"Larson, Hilpert and Hegmann",cstiller2@ca.gov,Catarina Stiller,2020-10-20,2020-11-25,Shaylynn Chippendale
"Larson, Hilpert and Hegmann",cstiller2@ca.gov,Catarina Stiller,2020-09-19,2020-10-26,Ibrahim Burdass
"Larson, Hilpert and Hegmann",cstiller2@ca.gov,Catarina Stiller,2020-07-23,2020-08-04,Ibrahim Burdass
"Larson, Hilpert and Hegmann",cstiller2@ca.gov,Catarina Stiller,2020-07-28,2020-11-16,Leone MacFadin
"Larson, Hilpert and Hegmann",cstiller2@ca.gov,Catarina Stiller,2020-07-04,2020-08-07,Leone MacFadin
"Larson, Hilpert and Hegmann",cstiller2@ca.gov,Catarina Stiller,2020-11-15,2020-07-12,Dode MacInherney
"Larson, Hilpert and Hegmann",cstiller2@ca.gov,Catarina Stiller,2020-10-17,2020-09-16,Duky Goward
"Larson, Hilpert and Hegmann",cstiller2@ca.gov,Catarina Stiller,2020-09-05,2020-07-25,Duky Goward
"Larson, Hilpert and Hegmann",cstiller2@ca.gov,Catarina Stiller,2020-10-28,2020-08-16,Margette De Moreno
"Larson, Hilpert and Hegmann",cstiller2@ca.gov,Catarina Stiller,2020-07-05,2020-08-11,Derron Thorald
"Larson, Hilpert and Hegmann",cstiller2@ca.gov,Catarina Stiller,2020-07-22,2020-10-02,Derron Thorald
"Larson, Hilpert and Hegmann",cstiller2@ca.gov,Catarina Stiller,2020-10-12,2020-11-29,Sibelle Buglar
"Larson, Hilpert and Hegmann",cstiller2@ca.gov,Catarina Stiller,2020-07-22,2020-08-19,Sibelle Buglar
"Larson, Hilpert and Hegmann",cstiller2@ca.gov,Catarina Stiller,2020-10-12,2020-09-17,Barbette Pettecrew
"Larson, Hilpert and Hegmann",cstiller2@ca.gov,Catarina Stiller,2020-07-27,2020-07-23,Vaughn Scyner
"Larson, Hilpert and Hegmann",cstiller2@ca.gov,Catarina Stiller,2020-12-01,2020-09-23,Ethelbert Wilcox
"Larson, Hilpert and Hegmann",cstiller2@ca.gov,Catarina Stiller,2020-10-24,2020-07-13,Ethelbert Wilcox
"Larson, Hilpert and Hegmann",cstiller2@ca.gov,Catarina Stiller,2020-09-07,2020-08-10,Ethelbert Wilcox
"Larson, Hilpert and Hegmann",cstiller2@ca.gov,Catarina Stiller,2020-09-08,2020-08-15,Ethelbert Wilcox
"Larson, Hilpert and Hegmann",cstiller2@ca.gov,Catarina Stiller,2020-07-15,2020-10-24,Felecia Guynemer
"Larson, Hilpert and Hegmann",cstiller2@ca.gov,Catarina Stiller,2020-08-23,2020-07-05,Melvyn Dawdry
"Larson, Hilpert and Hegmann",cstiller2@ca.gov,Catarina Stiller,2020-08-27,2020-10-28,Perceval Readmire
"Larson, Hilpert and Hegmann",cstiller2@ca.gov,Catarina Stiller,2020-09-04,2020-08-30,Erskine Ghelerdini
"Larson, Hilpert and Hegmann",cstiller2@ca.gov,Catarina Stiller,2020-08-14,2020-07-20,Grover Robb
"Larson, Hilpert and Hegmann",cstiller2@ca.gov,Catarina Stiller,2020-10-22,2020-07-06,Dimitry Jandak
"Larson, Hilpert and Hegmann",cstiller2@ca.gov,Catarina Stiller,2020-11-01,2020-11-10,Dimitry Jandak
"Larson, Hilpert and Hegmann",cstiller2@ca.gov,Catarina Stiller,2020-08-18,2020-09-10,Dimitry Jandak
"Larson, Hilpert and Hegmann",cstiller2@ca.gov,Catarina Stiller,2020-07-23,2020-10-16,Xavier Bilston
"Larson, Hilpert and Hegmann",cstiller2@ca.gov,Catarina Stiller,2020-07-06,2020-09-10,Boy Zanettini
"Larson, Hilpert and Hegmann",cstiller2@ca.gov,Catarina Stiller,2020-10-27,2020-10-11,Greta Cone
"Larson, Hilpert and Hegmann",cstiller2@ca.gov,Catarina Stiller,2020-11-01,2020-07-22,Paton Conaghy
"Larson, Hilpert and Hegmann",cstiller2@ca.gov,Catarina Stiller,2020-09-11,2020-09-23,Paton Conaghy
"Larson, Hilpert and Hegmann",cstiller2@ca.gov,Catarina Stiller,2020-08-12,2020-10-06,Paton Conaghy
"Larson, Hilpert and Hegmann",cstiller2@ca.gov,Catarina Stiller,2020-08-01,2020-09-20,Amalee Thredder
"Larson, Hilpert and Hegmann",cstiller2@ca.gov,Catarina Stiller,2020-08-28,2020-10-02,Rutledge Oakhill
"Larson, Hilpert and Hegmann",cstiller2@ca.gov,Catarina Stiller,2020-10-03,2020-11-30,Minna Bowes
"Larson, Hilpert and Hegmann",cstiller2@ca.gov,Catarina Stiller,2020-09-05,2020-09-21,Minna Bowes
"Larson, Hilpert and Hegmann",cstiller2@ca.gov,Catarina Stiller,2020-07-10,2020-08-17,Elyssa Masarrat
"Larson, Hilpert and Hegmann",cstiller2@ca.gov,Catarina Stiller,2020-10-23,2020-08-05,Alford Kline
"Larson, Hilpert and Hegmann",cstiller2@ca.gov,Catarina Stiller,2020-10-13,2020-10-06,Rudolfo Jowers
"Larson, Hilpert and Hegmann",cstiller2@ca.gov,Catarina Stiller,2020-10-03,2020-10-16,Margery Oswick
Reichel-Gutkowski,cstiller2@ca.gov,Catarina Stiller,2020-11-11,2020-07-31,Neila Scates
Reichel-Gutkowski,cstiller2@ca.gov,Catarina Stiller,2020-10-21,2020-11-17,Neila Scates
Reichel-Gutkowski,cstiller2@ca.gov,Catarina Stiller,2020-11-07,2020-10-21,Wain Tidbald
Reichel-Gutkowski,cstiller2@ca.gov,Catarina Stiller,2020-09-30,2020-09-03,Jeanie Smithson
Reichel-Gutkowski,cstiller2@ca.gov,Catarina Stiller,2020-07-08,2020-11-04,Jeanie Smithson
Reichel-Gutkowski,cstiller2@ca.gov,Catarina Stiller,2020-07-23,2020-09-14,Bessie Cammomile
Reichel-Gutkowski,cstiller2@ca.gov,Catarina Stiller,2020-09-23,2020-07-01,Shaylynn Chippendale
Reichel-Gutkowski,cstiller2@ca.gov,Catarina Stiller,2020-11-26,2020-11-21,Shaylynn Chippendale
Reichel-Gutkowski,cstiller2@ca.gov,Catarina Stiller,2020-08-12,2020-07-22,Ibrahim Burdass
Reichel-Gutkowski,cstiller2@ca.gov,Catarina Stiller,2020-12-01,2020-09-28,Leone MacFadin
Reichel-Gutkowski,cstiller2@ca.gov,Catarina Stiller,2020-07-28,2020-09-25,Ava Getty
Reichel-Gutkowski,cstiller2@ca.gov,Catarina Stiller,2020-08-28,2020-09-13,Gran Liston
Reichel-Gutkowski,cstiller2@ca.gov,Catarina Stiller,2020-08-02,2020-10-02,Barbette Pettecrew
Reichel-Gutkowski,cstiller2@ca.gov,Catarina Stiller,2020-11-06,2020-07-27,Quinlan Lawry
Reichel-Gutkowski,cstiller2@ca.gov,Catarina Stiller,2020-11-03,2020-09-04,Jany Sudron
Reichel-Gutkowski,cstiller2@ca.gov,Catarina Stiller,2020-07-27,2020-10-10,Ethelbert Wilcox
Reichel-Gutkowski,cstiller2@ca.gov,Catarina Stiller,2020-09-13,2020-10-23,Felecia Guynemer
Reichel-Gutkowski,cstiller2@ca.gov,Catarina Stiller,2020-07-22,2020-08-21,Melvyn Dawdry
Reichel-Gutkowski,cstiller2@ca.gov,Catarina Stiller,2020-07-08,2020-08-11,Avrom McColl
Reichel-Gutkowski,cstiller2@ca.gov,Catarina Stiller,2020-09-05,2020-11-27,Gerda Norton
Reichel-Gutkowski,cstiller2@ca.gov,Catarina Stiller,2020-08-11,2020-07-21,Timotheus Kefford
Reichel-Gutkowski,cstiller2@ca.gov,Catarina Stiller,2020-10-14,2020-08-23,Timotheus Kefford
Reichel-Gutkowski,cstiller2@ca.gov,Catarina Stiller,2020-10-28,2020-09-29,Erskine Ghelerdini
Reichel-Gutkowski,cstiller2@ca.gov,Catarina Stiller,2020-07-18,2020-10-28,Erskine Ghelerdini
Reichel-Gutkowski,cstiller2@ca.gov,Catarina Stiller,2020-09-27,2020-10-02,Grover Robb
Reichel-Gutkowski,cstiller2@ca.gov,Catarina Stiller,2020-11-09,2020-10-23,Grover Robb
Reichel-Gutkowski,cstiller2@ca.gov,Catarina Stiller,2020-07-11,2020-11-03,Dimitry Jandak
Reichel-Gutkowski,cstiller2@ca.gov,Catarina Stiller,2020-08-25,2020-09-03,Xavier Bilston
Reichel-Gutkowski,cstiller2@ca.gov,Catarina Stiller,2020-09-09,2020-08-06,Myrna Mulhall
Reichel-Gutkowski,cstiller2@ca.gov,Catarina Stiller,2020-07-23,2020-11-10,Myrna Mulhall
Reichel-Gutkowski,cstiller2@ca.gov,Catarina Stiller,2020-09-13,2020-10-06,Jenilee Francioli
Reichel-Gutkowski,cstiller2@ca.gov,Catarina Stiller,2020-09-06,2020-09-16,Kellina O' Concannon
Reichel-Gutkowski,cstiller2@ca.gov,Catarina Stiller,2020-09-21,2020-11-04,Boy Zanettini
Reichel-Gutkowski,cstiller2@ca.gov,Catarina Stiller,2020-11-10,2020-08-16,Paton Conaghy
Reichel-Gutkowski,cstiller2@ca.gov,Catarina Stiller,2020-07-26,2020-08-24,Stephine Alleburton
Reichel-Gutkowski,cstiller2@ca.gov,Catarina Stiller,2020-10-25,2020-08-26,Candie Klehyn
Reichel-Gutkowski,cstiller2@ca.gov,Catarina Stiller,2020-08-29,2020-07-19,Amalee Thredder
Reichel-Gutkowski,cstiller2@ca.gov,Catarina Stiller,2020-11-01,2020-11-27,Jan Stocker
Reichel-Gutkowski,cstiller2@ca.gov,Catarina Stiller,2020-08-18,2020-09-09,Shauna Backwell
Reichel-Gutkowski,cstiller2@ca.gov,Catarina Stiller,2020-09-09,2020-08-30,Shauna Backwell
Reichel-Gutkowski,cstiller2@ca.gov,Catarina Stiller,2020-10-12,2020-11-10,Fraze Measen
Reichel-Gutkowski,cstiller2@ca.gov,Catarina Stiller,2020-12-04,2020-12-02,Siana Dakers
Reichel-Gutkowski,cstiller2@ca.gov,Catarina Stiller,2020-08-23,2020-10-23,Margery Oswick
Reichel-Gutkowski,cstiller2@ca.gov,Catarina Stiller,2020-07-21,2020-07-05,Margery Oswick
Davis-Brekke,gwatts4@printfriendly.com,Giuseppe Watts,2020-08-22,2020-09-20,Corette Charon
Davis-Brekke,gwatts4@printfriendly.com,Giuseppe Watts,2020-09-24,2020-10-14,Ernesto Assinder
Davis-Brekke,gwatts4@printfriendly.com,Giuseppe Watts,2020-08-24,2020-11-19,Ardith Bavester
Davis-Brekke,gwatts4@printfriendly.com,Giuseppe Watts,2020-09-04,2020-10-21,Ardith Bavester
Davis-Brekke,gwatts4@printfriendly.com,Giuseppe Watts,2020-10-20,2020-10-23,Zacherie Bullimore
Davis-Brekke,gwatts4@printfriendly.com,Giuseppe Watts,2020-10-28,2020-11-19,Zacherie Bullimore
Davis-Brekke,gwatts4@printfriendly.com,Giuseppe Watts,2020-11-18,2020-11-10,Zacherie Bullimore
Davis-Brekke,gwatts4@printfriendly.com,Giuseppe Watts,2020-08-05,2020-10-20,Darin Orable
Davis-Brekke,gwatts4@printfriendly.com,Giuseppe Watts,2020-12-06,2020-12-02,Randal Bettanay
Davis-Brekke,gwatts4@printfriendly.com,Giuseppe Watts,2020-12-02,2020-08-16,Jeanie Smithson
Davis-Brekke,gwatts4@printfriendly.com,Giuseppe Watts,2020-11-10,2020-09-26,Jameson Oliphard
Davis-Brekke,gwatts4@printfriendly.com,Giuseppe Watts,2020-09-04,2020-10-05,Ava Getty
Davis-Brekke,gwatts4@printfriendly.com,Giuseppe Watts,2020-08-07,2020-08-27,Ava Getty
Davis-Brekke,gwatts4@printfriendly.com,Giuseppe Watts,2020-12-06,2020-10-09,Dode MacInherney
Davis-Brekke,gwatts4@printfriendly.com,Giuseppe Watts,2020-10-18,2020-10-13,Margette De Moreno
Davis-Brekke,gwatts4@printfriendly.com,Giuseppe Watts,2020-08-11,2020-12-06,Lalo Filimore
Davis-Brekke,gwatts4@printfriendly.com,Giuseppe Watts,2020-08-05,2020-12-03,Lalo Filimore
Davis-Brekke,gwatts4@printfriendly.com,Giuseppe Watts,2020-09-29,2020-09-19,Lalo Filimore
Davis-Brekke,gwatts4@printfriendly.com,Giuseppe Watts,2020-11-22,2020-11-16,Derron Thorald
Davis-Brekke,gwatts4@printfriendly.com,Giuseppe Watts,2020-11-16,2020-10-11,Sibelle Buglar
Davis-Brekke,gwatts4@printfriendly.com,Giuseppe Watts,2020-09-17,2020-08-16,Jany Sudron
Davis-Brekke,gwatts4@printfriendly.com,Giuseppe Watts,2020-09-12,2020-08-24,Ethelbert Wilcox
Davis-Brekke,gwatts4@printfriendly.com,Giuseppe Watts,2020-10-12,2020-12-03,Felecia Guynemer
Davis-Brekke,gwatts4@printfriendly.com,Giuseppe Watts,2020-10-26,2020-09-13,Melvyn Dawdry
Davis-Brekke,gwatts4@printfriendly.com,Giuseppe Watts,2020-10-08,2020-12-04,Avrom McColl
Davis-Brekke,gwatts4@printfriendly.com,Giuseppe Watts,2020-09-29,2020-09-29,Avrom McColl
Davis-Brekke,gwatts4@printfriendly.com,Giuseppe Watts,2020-07-08,2020-08-17,Cristie Mauchlen
Davis-Brekke,gwatts4@printfriendly.com,Giuseppe Watts,2020-08-16,2020-07-05,Timotheus Kefford
Davis-Brekke,gwatts4@printfriendly.com,Giuseppe Watts,2020-07-04,2020-10-19,Erskine Ghelerdini
Davis-Brekke,gwatts4@printfriendly.com,Giuseppe Watts,2020-08-26,2020-07-19,Grover Robb
Davis-Brekke,gwatts4@printfriendly.com,Giuseppe Watts,2020-09-06,2020-08-03,Marion Barrat
Davis-Brekke,gwatts4@printfriendly.com,Giuseppe Watts,2020-07-30,2020-07-02,Myrna Mulhall
Davis-Brekke,gwatts4@printfriendly.com,Giuseppe Watts,2020-08-28,2020-09-03,Jenilee Francioli
Davis-Brekke,gwatts4@printfriendly.com,Giuseppe Watts,2020-10-09,2020-09-26,Larisa Kondratovich
Davis-Brekke,gwatts4@printfriendly.com,Giuseppe Watts,2020-08-31,2020-11-25,Boy Zanettini
Davis-Brekke,gwatts4@printfriendly.com,Giuseppe Watts,2020-09-12,2020-09-04,Boy Zanettini
Davis-Brekke,gwatts4@printfriendly.com,Giuseppe Watts,2020-08-09,2020-11-12,Barrie Chastaing
Davis-Brekke,gwatts4@printfriendly.com,Giuseppe Watts,2020-10-12,2020-07-07,Paton Conaghy
Davis-Brekke,gwatts4@printfriendly.com,Giuseppe Watts,2020-10-12,2020-08-06,Stephine Alleburton
Davis-Brekke,gwatts4@printfriendly.com,Giuseppe Watts,2020-10-09,2020-10-21,Candie Klehyn
Davis-Brekke,gwatts4@printfriendly.com,Giuseppe Watts,2020-12-05,2020-07-08,Rutledge Oakhill
Davis-Brekke,gwatts4@printfriendly.com,Giuseppe Watts,2020-10-06,2020-09-12,Rutledge Oakhill
Davis-Brekke,gwatts4@printfriendly.com,Giuseppe Watts,2020-09-07,2020-09-17,Jammal Arlt
Davis-Brekke,gwatts4@printfriendly.com,Giuseppe Watts,2020-07-13,2020-09-21,Jan Stocker
Davis-Brekke,gwatts4@printfriendly.com,Giuseppe Watts,2020-11-25,2020-10-16,Jan Stocker
Davis-Brekke,gwatts4@printfriendly.com,Giuseppe Watts,2020-10-04,2020-07-22,Elyssa Masarrat
Davis-Brekke,gwatts4@printfriendly.com,Giuseppe Watts,2020-08-26,2020-12-03,Fraze Measen
Davis-Brekke,gwatts4@printfriendly.com,Giuseppe Watts,2020-08-16,2020-08-18,Fraze Measen
Davis-Brekke,gwatts4@printfriendly.com,Giuseppe Watts,2020-11-03,2020-11-04,Whit Shadrack
Davis-Brekke,gwatts4@printfriendly.com,Giuseppe Watts,2020-08-10,2020-09-25,Margery Oswick
Davis-Brekke,gwatts4@printfriendly.com,Giuseppe Watts,2020-11-03,2020-12-07,Teressa Sparks
"Hirthe, Lesch and Schroeder",gwatts4@printfriendly.com,Giuseppe Watts,2020-09-08,2020-08-21,Corette Charon
"Hirthe, Lesch and Schroeder",gwatts4@printfriendly.com,Giuseppe Watts,2020-08-13,2020-11-06,Ardith Bavester
"Hirthe, Lesch and Schroeder",gwatts4@printfriendly.com,Giuseppe Watts,2020-10-08,2020-11-08,Zacherie Bullimore
"Hirthe, Lesch and Schroeder",gwatts4@printfriendly.com,Giuseppe Watts,2020-09-20,2020-09-03,Zacherie Bullimore
"Hirthe, Lesch and Schroeder",gwatts4@printfriendly.com,Giuseppe Watts,2020-09-04,2020-08-29,Zacherie Bullimore
"Hirthe, Lesch and Schroeder",gwatts4@printfriendly.com,Giuseppe Watts,2020-08-07,2020-07-24,Neila Scates
"Hirthe, Lesch and Schroeder",gwatts4@printfriendly.com,Giuseppe Watts,2020-09-29,2020-08-29,Wain Tidbald
"Hirthe, Lesch and Schroeder",gwatts4@printfriendly.com,Giuseppe Watts,2020-08-31,2020-07-28,Randal Bettanay
"Hirthe, Lesch and Schroeder",gwatts4@printfriendly.com,Giuseppe Watts,2020-08-04,2020-11-17,Jeanie Smithson
"Hirthe, Lesch and Schroeder",gwatts4@printfriendly.com,Giuseppe Watts,2020-10-05,2020-08-26,Bessie Cammomile
"Hirthe, Lesch and Schroeder",gwatts4@printfriendly.com,Giuseppe Watts,2020-07-25,2020-09-05,Shaylynn Chippendale
"Hirthe, Lesch and Schroeder",gwatts4@printfriendly.com,Giuseppe Watts,2020-11-01,2020-07-17,Ibrahim Burdass
"Hirthe, Lesch and Schroeder",gwatts4@printfriendly.com,Giuseppe Watts,2020-10-29,2020-12-07,Duky Goward
"Hirthe, Lesch and Schroeder",gwatts4@printfriendly.com,Giuseppe Watts,2020-09-09,2020-08-11,Margette De Moreno
"Hirthe, Lesch and Schroeder",gwatts4@printfriendly.com,Giuseppe Watts,2020-08-24,2020-11-15,Lalo Filimore
"Hirthe, Lesch and Schroeder",gwatts4@printfriendly.com,Giuseppe Watts,2020-07-06,2020-09-11,Lalo Filimore
"Hirthe, Lesch and Schroeder",gwatts4@printfriendly.com,Giuseppe Watts,2020-08-03,2020-12-06,Derron Thorald
"Hirthe, Lesch and Schroeder",gwatts4@printfriendly.com,Giuseppe Watts,2020-09-16,2020-10-20,Derron Thorald
"Hirthe, Lesch and Schroeder",gwatts4@printfriendly.com,Giuseppe Watts,2020-11-13,2020-11-20,Derron Thorald
"Hirthe, Lesch and Schroeder",gwatts4@printfriendly.com,Giuseppe Watts,2020-09-08,2020-08-10,Derron Thorald
"Hirthe, Lesch and Schroeder",gwatts4@printfriendly.com,Giuseppe Watts,2020-08-31,2020-10-19,Gran Liston
"Hirthe, Lesch and Schroeder",gwatts4@printfriendly.com,Giuseppe Watts,2020-08-09,2020-08-20,Barbette Pettecrew
"Hirthe, Lesch and Schroeder",gwatts4@printfriendly.com,Giuseppe Watts,2020-11-05,2020-08-13,Vaughn Scyner
"Hirthe, Lesch and Schroeder",gwatts4@printfriendly.com,Giuseppe Watts,2020-11-25,2020-09-13,Felecia Guynemer
"Hirthe, Lesch and Schroeder",gwatts4@printfriendly.com,Giuseppe Watts,2020-08-14,2020-11-24,Gerda Norton
"Hirthe, Lesch and Schroeder",gwatts4@printfriendly.com,Giuseppe Watts,2020-09-04,2020-09-12,Perceval Readmire
"Hirthe, Lesch and Schroeder",gwatts4@printfriendly.com,Giuseppe Watts,2020-09-21,2020-07-20,Erskine Ghelerdini
"Hirthe, Lesch and Schroeder",gwatts4@printfriendly.com,Giuseppe Watts,2020-10-16,2020-07-03,Grover Robb
"Hirthe, Lesch and Schroeder",gwatts4@printfriendly.com,Giuseppe Watts,2020-10-24,2020-11-02,Xavier Bilston
"Hirthe, Lesch and Schroeder",gwatts4@printfriendly.com,Giuseppe Watts,2020-10-24,2020-08-23,Xavier Bilston
"Hirthe, Lesch and Schroeder",gwatts4@printfriendly.com,Giuseppe Watts,2020-11-25,2020-11-27,Xavier Bilston
"Hirthe, Lesch and Schroeder",gwatts4@printfriendly.com,Giuseppe Watts,2020-11-28,2020-12-06,Myrna Mulhall
"Hirthe, Lesch and Schroeder",gwatts4@printfriendly.com,Giuseppe Watts,2020-08-23,2020-09-15,Kellina O' Concannon
"Hirthe, Lesch and Schroeder",gwatts4@printfriendly.com,Giuseppe Watts,2020-12-03,2020-10-12,Boy Zanettini
"Hirthe, Lesch and Schroeder",gwatts4@printfriendly.com,Giuseppe Watts,2020-11-01,2020-08-08,Stephine Alleburton
"Hirthe, Lesch and Schroeder",gwatts4@printfriendly.com,Giuseppe Watts,2020-08-20,2020-07-12,Amalee Thredder
"Hirthe, Lesch and Schroeder",gwatts4@printfriendly.com,Giuseppe Watts,2020-08-16,2020-10-08,Rutledge Oakhill
"Hirthe, Lesch and Schroeder",gwatts4@printfriendly.com,Giuseppe Watts,2020-11-10,2020-08-05,Minna Bowes
"Hirthe, Lesch and Schroeder",gwatts4@printfriendly.com,Giuseppe Watts,2020-12-06,2020-10-04,Jammal Arlt
"Hirthe, Lesch and Schroeder",gwatts4@printfriendly.com,Giuseppe Watts,2020-09-05,2020-09-15,Jammal Arlt
"Hirthe, Lesch and Schroeder",gwatts4@printfriendly.com,Giuseppe Watts,2020-08-15,2020-10-01,Jammal Arlt
"Hirthe, Lesch and Schroeder",gwatts4@printfriendly.com,Giuseppe Watts,2020-09-27,2020-07-13,Elyssa Masarrat
"Hirthe, Lesch and Schroeder",gwatts4@printfriendly.com,Giuseppe Watts,2020-07-13,2020-08-06,Fraze Measen
"Hirthe, Lesch and Schroeder",gwatts4@printfriendly.com,Giuseppe Watts,2020-10-03,2020-08-10,Rudolfo Jowers
"Hirthe, Lesch and Schroeder",gwatts4@printfriendly.com,Giuseppe Watts,2020-09-18,2020-11-19,Teressa Sparks
"Prosacco, Brakus and Bayer",ahendrik1@yolasite.com,Anetta Hendrik,2020-08-12,2020-11-26,Annadiana Lugton
"Prosacco, Brakus and Bayer",ahendrik1@yolasite.com,Anetta Hendrik,2020-12-06,2020-12-02,Ernesto Assinder
"Prosacco, Brakus and Bayer",ahendrik1@yolasite.com,Anetta Hendrik,2020-11-05,2020-09-10,Ardith Bavester
"Prosacco, Brakus and Bayer",ahendrik1@yolasite.com,Anetta Hendrik,2020-10-10,2020-10-27,Ardith Bavester
"Prosacco, Brakus and Bayer",ahendrik1@yolasite.com,Anetta Hendrik,2020-07-11,2020-09-19,Frannie Coare
"Prosacco, Brakus and Bayer",ahendrik1@yolasite.com,Anetta Hendrik,2020-11-09,2020-11-20,Frannie Coare
"Prosacco, Brakus and Bayer",ahendrik1@yolasite.com,Anetta Hendrik,2020-09-03,2020-07-18,Frannie Coare
"Prosacco, Brakus and Bayer",ahendrik1@yolasite.com,Anetta Hendrik,2020-07-14,2020-08-08,Zacherie Bullimore
"Prosacco, Brakus and Bayer",ahendrik1@yolasite.com,Anetta Hendrik,2020-07-06,2020-08-12,Zacherie Bullimore
"Prosacco, Brakus and Bayer",ahendrik1@yolasite.com,Anetta Hendrik,2020-11-15,2020-09-16,Neila Scates
"Prosacco, Brakus and Bayer",ahendrik1@yolasite.com,Anetta Hendrik,2020-09-15,2020-11-15,Neila Scates
"Prosacco, Brakus and Bayer",ahendrik1@yolasite.com,Anetta Hendrik,2020-11-02,2020-08-09,Wain Tidbald
"Prosacco, Brakus and Bayer",ahendrik1@yolasite.com,Anetta Hendrik,2020-07-03,2020-07-14,Wain Tidbald
"Prosacco, Brakus and Bayer",ahendrik1@yolasite.com,Anetta Hendrik,2020-11-07,2020-09-04,Jeanie Smithson
"Prosacco, Brakus and Bayer",ahendrik1@yolasite.com,Anetta Hendrik,2020-10-21,2020-10-26,Jeanie Smithson
"Prosacco, Brakus and Bayer",ahendrik1@yolasite.com,Anetta Hendrik,2020-08-23,2020-11-27,Bessie Cammomile
"Prosacco, Brakus and Bayer",ahendrik1@yolasite.com,Anetta Hendrik,2020-11-13,2020-09-11,Darb Bertram
"Prosacco, Brakus and Bayer",ahendrik1@yolasite.com,Anetta Hendrik,2020-09-18,2020-11-07,Shaylynn Chippendale
"Prosacco, Brakus and Bayer",ahendrik1@yolasite.com,Anetta Hendrik,2020-11-07,2020-12-07,Ava Getty
"Prosacco, Brakus and Bayer",ahendrik1@yolasite.com,Anetta Hendrik,2020-11-16,2020-11-06,Duky Goward
"Prosacco, Brakus and Bayer",ahendrik1@yolasite.com,Anetta Hendrik,2020-10-11,2020-09-22,Duky Goward
"Prosacco, Brakus and Bayer",ahendrik1@yolasite.com,Anetta Hendrik,2020-07-30,2020-08-30,Margette De Moreno
"Prosacco, Brakus and Bayer",ahendrik1@yolasite.com,Anetta Hendrik,2020-11-21,2020-11-18,Lalo Filimore
"Prosacco, Brakus and Bayer",ahendrik1@yolasite.com,Anetta Hendrik,2020-07-13,2020-10-28,Sibelle Buglar
"Prosacco, Brakus and Bayer",ahendrik1@yolasite.com,Anetta Hendrik,2020-10-12,2020-11-08,Sibelle Buglar
"Prosacco, Brakus and Bayer",ahendrik1@yolasite.com,Anetta Hendrik,2020-07-04,2020-08-13,Sibelle Buglar
"Prosacco, Brakus and Bayer",ahendrik1@yolasite.com,Anetta Hendrik,2020-09-19,2020-07-18,Jaquenetta Palk
"Prosacco, Brakus and Bayer",ahendrik1@yolasite.com,Anetta Hendrik,2020-10-05,2020-11-18,Barbette Pettecrew
"Prosacco, Brakus and Bayer",ahendrik1@yolasite.com,Anetta Hendrik,2020-08-28,2020-10-22,Quinlan Lawry
"Prosacco, Brakus and Bayer",ahendrik1@yolasite.com,Anetta Hendrik,2020-12-04,2020-10-26,Vaughn Scyner
"Prosacco, Brakus and Bayer",ahendrik1@yolasite.com,Anetta Hendrik,2020-10-15,2020-08-22,Jany Sudron
"Prosacco, Brakus and Bayer",ahendrik1@yolasite.com,Anetta Hendrik,2020-10-18,2020-08-04,Felecia Guynemer
"Prosacco, Brakus and Bayer",ahendrik1@yolasite.com,Anetta Hendrik,2020-10-19,2020-08-15,Felecia Guynemer
"Prosacco, Brakus and Bayer",ahendrik1@yolasite.com,Anetta Hendrik,2020-12-04,2020-08-30,Felecia Guynemer
"Prosacco, Brakus and Bayer",ahendrik1@yolasite.com,Anetta Hendrik,2020-07-15,2020-10-26,Melvyn Dawdry
"Prosacco, Brakus and Bayer",ahendrik1@yolasite.com,Anetta Hendrik,2020-08-04,2020-09-14,Gerda Norton
"Prosacco, Brakus and Bayer",ahendrik1@yolasite.com,Anetta Hendrik,2020-11-12,2020-10-17,Gerda Norton
"Prosacco, Brakus and Bayer",ahendrik1@yolasite.com,Anetta Hendrik,2020-08-03,2020-09-09,Perceval Readmire
"Prosacco, Brakus and Bayer",ahendrik1@yolasite.com,Anetta Hendrik,2020-11-15,2020-10-26,Timotheus Kefford
"Prosacco, Brakus and Bayer",ahendrik1@yolasite.com,Anetta Hendrik,2020-11-09,2020-07-14,Erskine Ghelerdini
"Prosacco, Brakus and Bayer",ahendrik1@yolasite.com,Anetta Hendrik,2020-10-06,2020-09-04,Grover Robb
"Prosacco, Brakus and Bayer",ahendrik1@yolasite.com,Anetta Hendrik,2020-11-02,2020-11-08,Jenilee Francioli
"Prosacco, Brakus and Bayer",ahendrik1@yolasite.com,Anetta Hendrik,2020-07-28,2020-09-17,Kellina O' Concannon
"Prosacco, Brakus and Bayer",ahendrik1@yolasite.com,Anetta Hendrik,2020-10-13,2020-08-26,Boy Zanettini
"Prosacco, Brakus and Bayer",ahendrik1@yolasite.com,Anetta Hendrik,2020-09-30,2020-07-17,Boy Zanettini
"Prosacco, Brakus and Bayer",ahendrik1@yolasite.com,Anetta Hendrik,2020-10-16,2020-07-10,Greta Cone
"Prosacco, Brakus and Bayer",ahendrik1@yolasite.com,Anetta Hendrik,2020-10-14,2020-10-10,Bernie Neve
"Prosacco, Brakus and Bayer",ahendrik1@yolasite.com,Anetta Hendrik,2020-11-09,2020-08-20,Barrie Chastaing
"Prosacco, Brakus and Bayer",ahendrik1@yolasite.com,Anetta Hendrik,2020-09-16,2020-07-30,Stephine Alleburton
"Prosacco, Brakus and Bayer",ahendrik1@yolasite.com,Anetta Hendrik,2020-09-12,2020-09-10,Stephine Alleburton
"Prosacco, Brakus and Bayer",ahendrik1@yolasite.com,Anetta Hendrik,2020-09-19,2020-07-02,Rutledge Oakhill
"Prosacco, Brakus and Bayer",ahendrik1@yolasite.com,Anetta Hendrik,2020-11-09,2020-11-17,Rutledge Oakhill
"Prosacco, Brakus and Bayer",ahendrik1@yolasite.com,Anetta Hendrik,2020-10-26,2020-11-22,Minna Bowes
"Prosacco, Brakus and Bayer",ahendrik1@yolasite.com,Anetta Hendrik,2020-07-22,2020-07-24,Jammal Arlt
"Prosacco, Brakus and Bayer",ahendrik1@yolasite.com,Anetta Hendrik,2020-09-10,2020-08-27,Jan Stocker
"Prosacco, Brakus and Bayer",ahendrik1@yolasite.com,Anetta Hendrik,2020-11-08,2020-11-24,Fraze Measen
"Prosacco, Brakus and Bayer",ahendrik1@yolasite.com,Anetta Hendrik,2020-08-14,2020-08-22,Fraze Measen
"Prosacco, Brakus and Bayer",ahendrik1@yolasite.com,Anetta Hendrik,2020-10-16,2020-10-22,Fraze Measen
"Prosacco, Brakus and Bayer",ahendrik1@yolasite.com,Anetta Hendrik,2020-07-24,2020-08-21,Francine Simion
"Prosacco, Brakus and Bayer",ahendrik1@yolasite.com,Anetta Hendrik,2020-12-06,2020-07-04,Margery Oswick
Rippin and Sons,hborrie5@nydailynews.com,Hannah Borrie,2020-10-20,2020-09-13,Annadiana Lugton
Rippin and Sons,hborrie5@nydailynews.com,Hannah Borrie,2020-10-20,2020-10-29,Ernesto Assinder
Rippin and Sons,hborrie5@nydailynews.com,Hannah Borrie,2020-12-05,2020-08-10,Ardith Bavester
Rippin and Sons,hborrie5@nydailynews.com,Hannah Borrie,2020-09-07,2020-12-07,Frannie Coare
Rippin and Sons,hborrie5@nydailynews.com,Hannah Borrie,2020-07-05,2020-09-01,Frannie Coare
Rippin and Sons,hborrie5@nydailynews.com,Hannah Borrie,2020-10-24,2020-07-10,Randal Bettanay
Rippin and Sons,hborrie5@nydailynews.com,Hannah Borrie,2020-11-26,2020-11-03,Randal Bettanay
Rippin and Sons,hborrie5@nydailynews.com,Hannah Borrie,2020-10-24,2020-07-16,Jeanie Smithson
Rippin and Sons,hborrie5@nydailynews.com,Hannah Borrie,2020-12-04,2020-10-18,Jeanie Smithson
Rippin and Sons,hborrie5@nydailynews.com,Hannah Borrie,2020-10-28,2020-09-23,Bessie Cammomile
Rippin and Sons,hborrie5@nydailynews.com,Hannah Borrie,2020-09-10,2020-10-30,Jameson Oliphard
Rippin and Sons,hborrie5@nydailynews.com,Hannah Borrie,2020-10-17,2020-09-03,Darb Bertram
Rippin and Sons,hborrie5@nydailynews.com,Hannah Borrie,2020-08-27,2020-07-02,Ibrahim Burdass
Rippin and Sons,hborrie5@nydailynews.com,Hannah Borrie,2020-10-22,2020-10-13,Ava Getty
Rippin and Sons,hborrie5@nydailynews.com,Hannah Borrie,2020-10-03,2020-11-09,Margette De Moreno
Rippin and Sons,hborrie5@nydailynews.com,Hannah Borrie,2020-11-10,2020-09-10,Lalo Filimore
Rippin and Sons,hborrie5@nydailynews.com,Hannah Borrie,2020-07-20,2020-11-03,Lalo Filimore
Rippin and Sons,hborrie5@nydailynews.com,Hannah Borrie,2020-10-06,2020-11-05,Derron Thorald
Rippin and Sons,hborrie5@nydailynews.com,Hannah Borrie,2020-07-29,2020-08-03,Sibelle Buglar
Rippin and Sons,hborrie5@nydailynews.com,Hannah Borrie,2020-09-10,2020-10-17,Gran Liston
Rippin and Sons,hborrie5@nydailynews.com,Hannah Borrie,2020-09-23,2020-11-12,Jaquenetta Palk
Rippin and Sons,hborrie5@nydailynews.com,Hannah Borrie,2020-07-30,2020-11-10,Vaughn Scyner
Rippin and Sons,hborrie5@nydailynews.com,Hannah Borrie,2020-07-26,2020-09-08,Vaughn Scyner
Rippin and Sons,hborrie5@nydailynews.com,Hannah Borrie,2020-09-15,2020-08-21,Vaughn Scyner
Rippin and Sons,hborrie5@nydailynews.com,Hannah Borrie,2020-12-05,2020-07-24,Vaughn Scyner
Rippin and Sons,hborrie5@nydailynews.com,Hannah Borrie,2020-10-22,2020-07-18,Vaughn Scyner
Rippin and Sons,hborrie5@nydailynews.com,Hannah Borrie,2020-10-05,2020-07-21,Vaughn Scyner
Rippin and Sons,hborrie5@nydailynews.com,Hannah Borrie,2020-11-30,2020-08-21,Ethelbert Wilcox
Rippin and Sons,hborrie5@nydailynews.com,Hannah Borrie,2020-11-27,2020-09-24,Ethelbert Wilcox
Rippin and Sons,hborrie5@nydailynews.com,Hannah Borrie,2020-09-29,2020-07-17,Ethelbert Wilcox
Rippin and Sons,hborrie5@nydailynews.com,Hannah Borrie,2020-08-30,2020-08-31,Melvyn Dawdry
Rippin and Sons,hborrie5@nydailynews.com,Hannah Borrie,2020-07-19,2020-09-30,Melvyn Dawdry
Rippin and Sons,hborrie5@nydailynews.com,Hannah Borrie,2020-09-20,2020-11-01,Melvyn Dawdry
Rippin and Sons,hborrie5@nydailynews.com,Hannah Borrie,2020-07-02,2020-10-29,Gerda Norton
Rippin and Sons,hborrie5@nydailynews.com,Hannah Borrie,2020-08-31,2020-08-05,Perceval Readmire
Rippin and Sons,hborrie5@nydailynews.com,Hannah Borrie,2020-12-03,2020-09-14,Timotheus Kefford
Rippin and Sons,hborrie5@nydailynews.com,Hannah Borrie,2020-08-08,2020-11-10,Erskine Ghelerdini
Rippin and Sons,hborrie5@nydailynews.com,Hannah Borrie,2020-07-03,2020-10-15,Erskine Ghelerdini
Rippin and Sons,hborrie5@nydailynews.com,Hannah Borrie,2020-10-23,2020-07-06,Kellina O' Concannon
Rippin and Sons,hborrie5@nydailynews.com,Hannah Borrie,2020-08-19,2020-07-29,Greta Cone
Rippin and Sons,hborrie5@nydailynews.com,Hannah Borrie,2020-07-19,2020-11-25,Greta Cone
Rippin and Sons,hborrie5@nydailynews.com,Hannah Borrie,2020-07-02,2020-08-08,Bernie Neve
Rippin and Sons,hborrie5@nydailynews.com,Hannah Borrie,2020-10-24,2020-08-14,Stephine Alleburton
Rippin and Sons,hborrie5@nydailynews.com,Hannah Borrie,2020-10-24,2020-07-01,Candie Klehyn
Rippin and Sons,hborrie5@nydailynews.com,Hannah Borrie,2020-11-12,2020-10-19,Rutledge Oakhill
Rippin and Sons,hborrie5@nydailynews.com,Hannah Borrie,2020-11-06,2020-08-02,Shauna Backwell
Rippin and Sons,hborrie5@nydailynews.com,Hannah Borrie,2020-09-15,2020-07-20,Shauna Backwell
Rippin and Sons,hborrie5@nydailynews.com,Hannah Borrie,2020-08-17,2020-07-13,Whit Shadrack
Rippin and Sons,hborrie5@nydailynews.com,Hannah Borrie,2020-10-16,2020-11-17,Alford Kline
Rippin and Sons,hborrie5@nydailynews.com,Hannah Borrie,2020-09-10,2020-11-27,Rudolfo Jowers
Rippin and Sons,hborrie5@nydailynews.com,Hannah Borrie,2020-08-11,2020-07-17,Siana Dakers
O'Reilly Inc,hborrie5@nydailynews.com,Hannah Borrie,2020-10-06,2020-10-19,Corette Charon
O'Reilly Inc,hborrie5@nydailynews.com,Hannah Borrie,2020-08-05,2020-07-16,Corette Charon
O'Reilly Inc,hborrie5@nydailynews.com,Hannah Borrie,2020-07-15,2020-08-06,Frannie Coare
O'Reilly Inc,hborrie5@nydailynews.com,Hannah Borrie,2020-10-27,2020-10-06,Frannie Coare
O'Reilly Inc,hborrie5@nydailynews.com,Hannah Borrie,2020-10-02,2020-08-13,Frannie Coare
O'Reilly Inc,hborrie5@nydailynews.com,Hannah Borrie,2020-09-15,2020-07-26,Zacherie Bullimore
O'Reilly Inc,hborrie5@nydailynews.com,Hannah Borrie,2020-11-22,2020-07-01,Darin Orable
O'Reilly Inc,hborrie5@nydailynews.com,Hannah Borrie,2020-11-28,2020-09-13,Wain Tidbald
O'Reilly Inc,hborrie5@nydailynews.com,Hannah Borrie,2020-07-12,2020-09-06,Randal Bettanay
O'Reilly Inc,hborrie5@nydailynews.com,Hannah Borrie,2020-07-25,2020-10-11,Randal Bettanay
O'Reilly Inc,hborrie5@nydailynews.com,Hannah Borrie,2020-09-19,2020-11-24,Darb Bertram
O'Reilly Inc,hborrie5@nydailynews.com,Hannah Borrie,2020-07-07,2020-07-01,Darb Bertram
O'Reilly Inc,hborrie5@nydailynews.com,Hannah Borrie,2020-08-10,2020-10-17,Shaylynn Chippendale
O'Reilly Inc,hborrie5@nydailynews.com,Hannah Borrie,2020-07-05,2020-07-05,Shaylynn Chippendale
O'Reilly Inc,hborrie5@nydailynews.com,Hannah Borrie,2020-11-10,2020-08-22,Ibrahim Burdass
O'Reilly Inc,hborrie5@nydailynews.com,Hannah Borrie,2020-08-13,2020-08-05,Leone MacFadin
O'Reilly Inc,hborrie5@nydailynews.com,Hannah Borrie,2020-07-30,2020-12-05,Dode MacInherney
O'Reilly Inc,hborrie5@nydailynews.com,Hannah Borrie,2020-10-23,2020-08-14,Margette De Moreno
O'Reilly Inc,hborrie5@nydailynews.com,Hannah Borrie,2020-10-02,2020-11-13,Lalo Filimore
O'Reilly Inc,hborrie5@nydailynews.com,Hannah Borrie,2020-10-02,2020-08-28,Felecia Guynemer
O'Reilly Inc,hborrie5@nydailynews.com,Hannah Borrie,2020-08-07,2020-10-25,Felecia Guynemer
O'Reilly Inc,hborrie5@nydailynews.com,Hannah Borrie,2020-11-30,2020-07-19,Avrom McColl
O'Reilly Inc,hborrie5@nydailynews.com,Hannah Borrie,2020-10-19,2020-11-17,Avrom McColl
O'Reilly Inc,hborrie5@nydailynews.com,Hannah Borrie,2020-08-26,2020-10-23,Avrom McColl
O'Reilly Inc,hborrie5@nydailynews.com,Hannah Borrie,2020-11-12,2020-10-29,Avrom McColl
O'Reilly Inc,hborrie5@nydailynews.com,Hannah Borrie,2020-07-28,2020-07-01,Perceval Readmire
O'Reilly Inc,hborrie5@nydailynews.com,Hannah Borrie,2020-07-13,2020-07-13,Timotheus Kefford
O'Reilly Inc,hborrie5@nydailynews.com,Hannah Borrie,2020-08-15,2020-09-28,Dimitry Jandak
O'Reilly Inc,hborrie5@nydailynews.com,Hannah Borrie,2020-09-10,2020-12-03,Dimitry Jandak
O'Reilly Inc,hborrie5@nydailynews.com,Hannah Borrie,2020-10-31,2020-10-03,Marion Barrat
O'Reilly Inc,hborrie5@nydailynews.com,Hannah Borrie,2020-07-30,2020-11-13,Xavier Bilston
O'Reilly Inc,hborrie5@nydailynews.com,Hannah Borrie,2020-09-30,2020-09-30,Myrna Mulhall
O'Reilly Inc,hborrie5@nydailynews.com,Hannah Borrie,2020-08-23,2020-09-08,Boy Zanettini
O'Reilly Inc,hborrie5@nydailynews.com,Hannah Borrie,2020-07-21,2020-10-27,Boy Zanettini
O'Reilly Inc,hborrie5@nydailynews.com,Hannah Borrie,2020-09-09,2020-10-05,Greta Cone
O'Reilly Inc,hborrie5@nydailynews.com,Hannah Borrie,2020-10-06,2020-10-29,Bernie Neve
O'Reilly Inc,hborrie5@nydailynews.com,Hannah Borrie,2020-11-19,2020-11-14,Bernie Neve
O'Reilly Inc,hborrie5@nydailynews.com,Hannah Borrie,2020-10-07,2020-11-28,Paton Conaghy
O'Reilly Inc,hborrie5@nydailynews.com,Hannah Borrie,2020-08-20,2020-08-29,Dick Jordon
O'Reilly Inc,hborrie5@nydailynews.com,Hannah Borrie,2020-09-07,2020-08-18,Amalee Thredder
O'Reilly Inc,hborrie5@nydailynews.com,Hannah Borrie,2020-11-14,2020-09-14,Minna Bowes
O'Reilly Inc,hborrie5@nydailynews.com,Hannah Borrie,2020-11-13,2020-07-26,Jan Stocker
O'Reilly Inc,hborrie5@nydailynews.com,Hannah Borrie,2020-11-14,2020-11-10,Francine Simion
O'Reilly Inc,hborrie5@nydailynews.com,Hannah Borrie,2020-11-17,2020-07-28,Siana Dakers
Collins-Mitchell,imacintyre6@tinyurl.com,Ingeberg MacIntyre,2020-09-15,2020-08-13,Corette Charon
Collins-Mitchell,imacintyre6@tinyurl.com,Ingeberg MacIntyre,2020-11-23,2020-11-21,Annadiana Lugton
Collins-Mitchell,imacintyre6@tinyurl.com,Ingeberg MacIntyre,2020-09-14,2020-07-21,Ardith Bavester
Collins-Mitchell,imacintyre6@tinyurl.com,Ingeberg MacIntyre,2020-09-21,2020-10-21,Frannie Coare
Collins-Mitchell,imacintyre6@tinyurl.com,Ingeberg MacIntyre,2020-08-17,2020-08-21,Zacherie Bullimore
Collins-Mitchell,imacintyre6@tinyurl.com,Ingeberg MacIntyre,2020-10-30,2020-09-25,Ibrahim Burdass
Collins-Mitchell,imacintyre6@tinyurl.com,Ingeberg MacIntyre,2020-09-17,2020-09-11,Ibrahim Burdass
Collins-Mitchell,imacintyre6@tinyurl.com,Ingeberg MacIntyre,2020-07-17,2020-07-27,Ibrahim Burdass
Collins-Mitchell,imacintyre6@tinyurl.com,Ingeberg MacIntyre,2020-10-24,2020-07-21,Leone MacFadin
Collins-Mitchell,imacintyre6@tinyurl.com,Ingeberg MacIntyre,2020-09-05,2020-09-18,Ava Getty
Collins-Mitchell,imacintyre6@tinyurl.com,Ingeberg MacIntyre,2020-10-13,2020-09-08,Ava Getty
Collins-Mitchell,imacintyre6@tinyurl.com,Ingeberg MacIntyre,2020-10-07,2020-11-27,Gran Liston
Collins-Mitchell,imacintyre6@tinyurl.com,Ingeberg MacIntyre,2020-08-01,2020-08-22,Gran Liston
Collins-Mitchell,imacintyre6@tinyurl.com,Ingeberg MacIntyre,2020-07-27,2020-07-20,Gran Liston
Collins-Mitchell,imacintyre6@tinyurl.com,Ingeberg MacIntyre,2020-11-27,2020-09-11,Quinlan Lawry
Collins-Mitchell,imacintyre6@tinyurl.com,Ingeberg MacIntyre,2020-11-05,2020-07-05,Quinlan Lawry
Collins-Mitchell,imacintyre6@tinyurl.com,Ingeberg MacIntyre,2020-09-20,2020-08-10,Vaughn Scyner
Collins-Mitchell,imacintyre6@tinyurl.com,Ingeberg MacIntyre,2020-10-26,2020-09-08,Felecia Guynemer
Collins-Mitchell,imacintyre6@tinyurl.com,Ingeberg MacIntyre,2020-08-05,2020-07-05,Melvyn Dawdry
Collins-Mitchell,imacintyre6@tinyurl.com,Ingeberg MacIntyre,2020-09-06,2020-10-04,Melvyn Dawdry
Collins-Mitchell,imacintyre6@tinyurl.com,Ingeberg MacIntyre,2020-09-20,2020-07-31,Avrom McColl
Collins-Mitchell,imacintyre6@tinyurl.com,Ingeberg MacIntyre,2020-11-11,2020-08-05,Gerda Norton
Collins-Mitchell,imacintyre6@tinyurl.com,Ingeberg MacIntyre,2020-08-03,2020-08-27,Timotheus Kefford
Collins-Mitchell,imacintyre6@tinyurl.com,Ingeberg MacIntyre,2020-11-12,2020-07-09,Grover Robb
Collins-Mitchell,imacintyre6@tinyurl.com,Ingeberg MacIntyre,2020-09-18,2020-10-05,Dimitry Jandak
Collins-Mitchell,imacintyre6@tinyurl.com,Ingeberg MacIntyre,2020-10-31,2020-07-02,Boy Zanettini
Collins-Mitchell,imacintyre6@tinyurl.com,Ingeberg MacIntyre,2020-10-29,2020-07-11,Greta Cone
Collins-Mitchell,imacintyre6@tinyurl.com,Ingeberg MacIntyre,2020-11-30,2020-08-05,Greta Cone
Collins-Mitchell,imacintyre6@tinyurl.com,Ingeberg MacIntyre,2020-12-05,2020-08-20,Greta Cone
Collins-Mitchell,imacintyre6@tinyurl.com,Ingeberg MacIntyre,2020-10-24,2020-09-20,Greta Cone
Collins-Mitchell,imacintyre6@tinyurl.com,Ingeberg MacIntyre,2020-10-08,2020-10-07,Paton Conaghy
Collins-Mitchell,imacintyre6@tinyurl.com,Ingeberg MacIntyre,2020-07-27,2020-11-16,Stephine Alleburton
Collins-Mitchell,imacintyre6@tinyurl.com,Ingeberg MacIntyre,2020-07-05,2020-11-19,Candie Klehyn
Collins-Mitchell,imacintyre6@tinyurl.com,Ingeberg MacIntyre,2020-11-20,2020-07-20,Rutledge Oakhill
Collins-Mitchell,imacintyre6@tinyurl.com,Ingeberg MacIntyre,2020-09-24,2020-09-01,Jan Stocker
Collins-Mitchell,imacintyre6@tinyurl.com,Ingeberg MacIntyre,2020-07-31,2020-07-29,Shauna Backwell
Collins-Mitchell,imacintyre6@tinyurl.com,Ingeberg MacIntyre,2020-09-09,2020-07-27,Shauna Backwell
Collins-Mitchell,imacintyre6@tinyurl.com,Ingeberg MacIntyre,2020-10-19,2020-08-01,Shauna Backwell
Collins-Mitchell,imacintyre6@tinyurl.com,Ingeberg MacIntyre,2020-10-16,2020-07-16,Elyssa Masarrat
Collins-Mitchell,imacintyre6@tinyurl.com,Ingeberg MacIntyre,2020-08-24,2020-09-29,Whit Shadrack
Collins-Mitchell,imacintyre6@tinyurl.com,Ingeberg MacIntyre,2020-08-05,2020-09-27,Siana Dakers
Collins-Mitchell,imacintyre6@tinyurl.com,Ingeberg MacIntyre,2020-10-18,2020-07-13,Teressa Sparks
McCullough-Schiller,imacintyre6@tinyurl.com,Ingeberg MacIntyre,2020-08-03,2020-11-18,Zacherie Bullimore
McCullough-Schiller,imacintyre6@tinyurl.com,Ingeberg MacIntyre,2020-11-12,2020-09-06,Wain Tidbald
McCullough-Schiller,imacintyre6@tinyurl.com,Ingeberg MacIntyre,2020-09-10,2020-07-14,Wain Tidbald
McCullough-Schiller,imacintyre6@tinyurl.com,Ingeberg MacIntyre,2020-08-06,2020-10-25,Randal Bettanay
McCullough-Schiller,imacintyre6@tinyurl.com,Ingeberg MacIntyre,2020-11-06,2020-10-19,Randal Bettanay
McCullough-Schiller,imacintyre6@tinyurl.com,Ingeberg MacIntyre,2020-10-03,2020-07-13,Randal Bettanay
McCullough-Schiller,imacintyre6@tinyurl.com,Ingeberg MacIntyre,2020-09-02,2020-11-10,Jeanie Smithson
McCullough-Schiller,imacintyre6@tinyurl.com,Ingeberg MacIntyre,2020-08-01,2020-08-18,Bessie Cammomile
McCullough-Schiller,imacintyre6@tinyurl.com,Ingeberg MacIntyre,2020-07-15,2020-09-09,Jameson Oliphard
McCullough-Schiller,imacintyre6@tinyurl.com,Ingeberg MacIntyre,2020-10-16,2020-10-05,Jameson Oliphard
McCullough-Schiller,imacintyre6@tinyurl.com,Ingeberg MacIntyre,2020-10-01,2020-07-01,Darb Bertram
McCullough-Schiller,imacintyre6@tinyurl.com,Ingeberg MacIntyre,2020-10-15,2020-07-09,Leone MacFadin
McCullough-Schiller,imacintyre6@tinyurl.com,Ingeberg MacIntyre,2020-09-05,2020-11-06,Leone MacFadin
McCullough-Schiller,imacintyre6@tinyurl.com,Ingeberg MacIntyre,2020-09-03,2020-07-06,Leone MacFadin
McCullough-Schiller,imacintyre6@tinyurl.com,Ingeberg MacIntyre,2020-12-04,2020-08-26,Leone MacFadin
McCullough-Schiller,imacintyre6@tinyurl.com,Ingeberg MacIntyre,2020-07-09,2020-07-02,Dode MacInherney
McCullough-Schiller,imacintyre6@tinyurl.com,Ingeberg MacIntyre,2020-07-09,2020-08-11,Dode MacInherney
McCullough-Schiller,imacintyre6@tinyurl.com,Ingeberg MacIntyre,2020-08-10,2020-08-31,Duky Goward
McCullough-Schiller,imacintyre6@tinyurl.com,Ingeberg MacIntyre,2020-07-08,2020-10-22,Duky Goward
McCullough-Schiller,imacintyre6@tinyurl.com,Ingeberg MacIntyre,2020-09-08,2020-08-30,Margette De Moreno
McCullough-Schiller,imacintyre6@tinyurl.com,Ingeberg MacIntyre,2020-09-08,2020-10-05,Margette De Moreno
McCullough-Schiller,imacintyre6@tinyurl.com,Ingeberg MacIntyre,2020-10-27,2020-08-04,Margette De Moreno
McCullough-Schiller,imacintyre6@tinyurl.com,Ingeberg MacIntyre,2020-10-03,2020-09-15,Lalo Filimore
McCullough-Schiller,imacintyre6@tinyurl.com,Ingeberg MacIntyre,2020-11-05,2020-08-30,Derron Thorald
McCullough-Schiller,imacintyre6@tinyurl.com,Ingeberg MacIntyre,2020-07-08,2020-08-19,Sibelle Buglar
McCullough-Schiller,imacintyre6@tinyurl.com,Ingeberg MacIntyre,2020-09-04,2020-10-15,Gran Liston
McCullough-Schiller,imacintyre6@tinyurl.com,Ingeberg MacIntyre,2020-08-06,2020-11-15,Jaquenetta Palk
McCullough-Schiller,imacintyre6@tinyurl.com,Ingeberg MacIntyre,2020-10-18,2020-09-21,Quinlan Lawry
McCullough-Schiller,imacintyre6@tinyurl.com,Ingeberg MacIntyre,2020-08-21,2020-07-10,Vaughn Scyner
McCullough-Schiller,imacintyre6@tinyurl.com,Ingeberg MacIntyre,2020-08-31,2020-07-16,Jany Sudron
McCullough-Schiller,imacintyre6@tinyurl.com,Ingeberg MacIntyre,2020-11-12,2020-09-18,Felecia Guynemer
McCullough-Schiller,imacintyre6@tinyurl.com,Ingeberg MacIntyre,2020-11-06,2020-07-13,Avrom McColl
McCullough-Schiller,imacintyre6@tinyurl.com,Ingeberg MacIntyre,2020-09-18,2020-10-05,Gerda Norton
McCullough-Schiller,imacintyre6@tinyurl.com,Ingeberg MacIntyre,2020-07-26,2020-07-26,Gerda Norton
McCullough-Schiller,imacintyre6@tinyurl.com,Ingeberg MacIntyre,2020-08-21,2020-11-30,Timotheus Kefford
McCullough-Schiller,imacintyre6@tinyurl.com,Ingeberg MacIntyre,2020-08-25,2020-10-10,Erskine Ghelerdini
McCullough-Schiller,imacintyre6@tinyurl.com,Ingeberg MacIntyre,2020-11-18,2020-09-15,Dimitry Jandak
McCullough-Schiller,imacintyre6@tinyurl.com,Ingeberg MacIntyre,2020-10-16,2020-08-31,Marion Barrat
McCullough-Schiller,imacintyre6@tinyurl.com,Ingeberg MacIntyre,2020-09-26,2020-10-25,Kellina O' Concannon
McCullough-Schiller,imacintyre6@tinyurl.com,Ingeberg MacIntyre,2020-07-25,2020-09-21,Boy Zanettini
McCullough-Schiller,imacintyre6@tinyurl.com,Ingeberg MacIntyre,2020-07-13,2020-08-05,Boy Zanettini
McCullough-Schiller,imacintyre6@tinyurl.com,Ingeberg MacIntyre,2020-08-07,2020-07-18,Dick Jordon
McCullough-Schiller,imacintyre6@tinyurl.com,Ingeberg MacIntyre,2020-12-03,2020-10-02,Candie Klehyn
McCullough-Schiller,imacintyre6@tinyurl.com,Ingeberg MacIntyre,2020-07-16,2020-10-21,Candie Klehyn
McCullough-Schiller,imacintyre6@tinyurl.com,Ingeberg MacIntyre,2020-07-09,2020-11-16,Candie Klehyn
McCullough-Schiller,imacintyre6@tinyurl.com,Ingeberg MacIntyre,2020-08-01,2020-10-15,Rutledge Oakhill
McCullough-Schiller,imacintyre6@tinyurl.com,Ingeberg MacIntyre,2020-07-29,2020-10-29,Minna Bowes
McCullough-Schiller,imacintyre6@tinyurl.com,Ingeberg MacIntyre,2020-11-29,2020-08-22,Minna Bowes
McCullough-Schiller,imacintyre6@tinyurl.com,Ingeberg MacIntyre,2020-11-23,2020-11-18,Jammal Arlt
McCullough-Schiller,imacintyre6@tinyurl.com,Ingeberg MacIntyre,2020-11-26,2020-10-06,Jan Stocker
McCullough-Schiller,imacintyre6@tinyurl.com,Ingeberg MacIntyre,2020-08-31,2020-07-25,Fraze Measen
McCullough-Schiller,imacintyre6@tinyurl.com,Ingeberg MacIntyre,2020-11-02,2020-07-06,Fraze Measen
McCullough-Schiller,imacintyre6@tinyurl.com,Ingeberg MacIntyre,2020-12-02,2020-09-29,Whit Shadrack
McCullough-Schiller,imacintyre6@tinyurl.com,Ingeberg MacIntyre,2020-11-11,2020-07-29,Alford Kline
Wolf-Bartell,fevered3@indiatimes.com,Freedman Evered,2020-11-05,2020-08-23,Corette Charon
Wolf-Bartell,fevered3@indiatimes.com,Freedman Evered,2020-07-08,2020-09-20,Ardith Bavester
Wolf-Bartell,fevered3@indiatimes.com,Freedman Evered,2020-10-02,2020-10-17,Zacherie Bullimore
Wolf-Bartell,fevered3@indiatimes.com,Freedman Evered,2020-10-14,2020-08-24,Neila Scates
Wolf-Bartell,fevered3@indiatimes.com,Freedman Evered,2020-12-02,2020-11-25,Neila Scates
Wolf-Bartell,fevered3@indiatimes.com,Freedman Evered,2020-10-11,2020-09-28,Randal Bettanay
Wolf-Bartell,fevered3@indiatimes.com,Freedman Evered,2020-09-19,2020-07-18,Bessie Cammomile
Wolf-Bartell,fevered3@indiatimes.com,Freedman Evered,2020-11-03,2020-11-04,Darb Bertram
Wolf-Bartell,fevered3@indiatimes.com,Freedman Evered,2020-10-31,2020-12-03,Darb Bertram
Wolf-Bartell,fevered3@indiatimes.com,Freedman Evered,2020-11-30,2020-10-07,Leone MacFadin
Wolf-Bartell,fevered3@indiatimes.com,Freedman Evered,2020-08-11,2020-07-28,Leone MacFadin
Wolf-Bartell,fevered3@indiatimes.com,Freedman Evered,2020-08-02,2020-12-05,Ava Getty
Wolf-Bartell,fevered3@indiatimes.com,Freedman Evered,2020-09-22,2020-11-18,Dode MacInherney
Wolf-Bartell,fevered3@indiatimes.com,Freedman Evered,2020-07-31,2020-07-02,Duky Goward
Wolf-Bartell,fevered3@indiatimes.com,Freedman Evered,2020-09-18,2020-08-20,Margette De Moreno
Wolf-Bartell,fevered3@indiatimes.com,Freedman Evered,2020-10-27,2020-09-08,Gran Liston
Wolf-Bartell,fevered3@indiatimes.com,Freedman Evered,2020-11-06,2020-09-01,Jaquenetta Palk
Wolf-Bartell,fevered3@indiatimes.com,Freedman Evered,2020-09-23,2020-08-17,Vaughn Scyner
Wolf-Bartell,fevered3@indiatimes.com,Freedman Evered,2020-12-07,2020-08-07,Timotheus Kefford
Wolf-Bartell,fevered3@indiatimes.com,Freedman Evered,2020-07-04,2020-07-27,Timotheus Kefford
Wolf-Bartell,fevered3@indiatimes.com,Freedman Evered,2020-10-25,2020-09-30,Grover Robb
Wolf-Bartell,fevered3@indiatimes.com,Freedman Evered,2020-11-18,2020-12-03,Grover Robb
Wolf-Bartell,fevered3@indiatimes.com,Freedman Evered,2020-07-16,2020-08-14,Jenilee Francioli
Wolf-Bartell,fevered3@indiatimes.com,Freedman Evered,2020-08-09,2020-09-21,Jenilee Francioli
Wolf-Bartell,fevered3@indiatimes.com,Freedman Evered,2020-07-03,2020-07-30,Stephine Alleburton
Wolf-Bartell,fevered3@indiatimes.com,Freedman Evered,2020-08-06,2020-08-07,Stephine Alleburton
Wolf-Bartell,fevered3@indiatimes.com,Freedman Evered,2020-11-19,2020-11-08,Stephine Alleburton
Wolf-Bartell,fevered3@indiatimes.com,Freedman Evered,2020-10-02,2020-09-24,Dick Jordon
Wolf-Bartell,fevered3@indiatimes.com,Freedman Evered,2020-09-17,2020-08-27,Dick Jordon
Wolf-Bartell,fevered3@indiatimes.com,Freedman Evered,2020-10-05,2020-09-01,Candie Klehyn
Wolf-Bartell,fevered3@indiatimes.com,Freedman Evered,2020-07-05,2020-09-15,Amalee Thredder
Wolf-Bartell,fevered3@indiatimes.com,Freedman Evered,2020-09-10,2020-11-24,Jammal Arlt
Wolf-Bartell,fevered3@indiatimes.com,Freedman Evered,2020-12-07,2020-07-31,Jan Stocker
Wolf-Bartell,fevered3@indiatimes.com,Freedman Evered,2020-09-01,2020-09-15,Whit Shadrack
Wolf-Bartell,fevered3@indiatimes.com,Freedman Evered,2020-11-25,2020-10-08,Siana Dakers
Wolf-Bartell,fevered3@indiatimes.com,Freedman Evered,2020-09-24,2020-07-22,Teressa Sparks
"Dibbert, Krajcik and Labadie",fevered3@indiatimes.com,Freedman Evered,2020-09-25,2020-10-28,Annadiana Lugton
"Dibbert, Krajcik and Labadie",fevered3@indiatimes.com,Freedman Evered,2020-07-23,2020-10-26,Ernesto Assinder
"Dibbert, Krajcik and Labadie",fevered3@indiatimes.com,Freedman Evered,2020-11-29,2020-08-16,Frannie Coare
"Dibbert, Krajcik and Labadie",fevered3@indiatimes.com,Freedman Evered,2020-10-16,2020-07-27,Neila Scates
"Dibbert, Krajcik and Labadie",fevered3@indiatimes.com,Freedman Evered,2020-09-07,2020-11-03,Darin Orable
"Dibbert, Krajcik and Labadie",fevered3@indiatimes.com,Freedman Evered,2020-11-29,2020-07-25,Wain Tidbald
"Dibbert, Krajcik and Labadie",fevered3@indiatimes.com,Freedman Evered,2020-07-04,2020-11-20,Wain Tidbald
"Dibbert, Krajcik and Labadie",fevered3@indiatimes.com,Freedman Evered,2020-10-15,2020-09-17,Randal Bettanay
"Dibbert, Krajcik and Labadie",fevered3@indiatimes.com,Freedman Evered,2020-11-19,2020-08-13,Bessie Cammomile
"Dibbert, Krajcik and Labadie",fevered3@indiatimes.com,Freedman Evered,2020-08-17,2020-11-13,Bessie Cammomile
"Dibbert, Krajcik and Labadie",fevered3@indiatimes.com,Freedman Evered,2020-11-07,2020-09-03,Jameson Oliphard
"Dibbert, Krajcik and Labadie",fevered3@indiatimes.com,Freedman Evered,2020-11-01,2020-09-23,Shaylynn Chippendale
"Dibbert, Krajcik and Labadie",fevered3@indiatimes.com,Freedman Evered,2020-09-18,2020-07-16,Leone MacFadin
"Dibbert, Krajcik and Labadie",fevered3@indiatimes.com,Freedman Evered,2020-08-04,2020-08-01,Ava Getty
"Dibbert, Krajcik and Labadie",fevered3@indiatimes.com,Freedman Evered,2020-09-26,2020-07-21,Ava Getty
"Dibbert, Krajcik and Labadie",fevered3@indiatimes.com,Freedman Evered,2020-08-26,2020-07-26,Duky Goward
"Dibbert, Krajcik and Labadie",fevered3@indiatimes.com,Freedman Evered,2020-08-29,2020-10-01,Margette De Moreno
"Dibbert, Krajcik and Labadie",fevered3@indiatimes.com,Freedman Evered,2020-11-26,2020-08-17,Sibelle Buglar
"Dibbert, Krajcik and Labadie",fevered3@indiatimes.com,Freedman Evered,2020-11-01,2020-07-29,Gran Liston
"Dibbert, Krajcik and Labadie",fevered3@indiatimes.com,Freedman Evered,2020-11-15,2020-08-02,Quinlan Lawry
"Dibbert, Krajcik and Labadie",fevered3@indiatimes.com,Freedman Evered,2020-09-11,2020-07-14,Vaughn Scyner
"Dibbert, Krajcik and Labadie",fevered3@indiatimes.com,Freedman Evered,2020-09-23,2020-09-26,Felecia Guynemer
"Dibbert, Krajcik and Labadie",fevered3@indiatimes.com,Freedman Evered,2020-11-14,2020-11-28,Felecia Guynemer
"Dibbert, Krajcik and Labadie",fevered3@indiatimes.com,Freedman Evered,2020-09-18,2020-11-17,Avrom McColl
"Dibbert, Krajcik and Labadie",fevered3@indiatimes.com,Freedman Evered,2020-11-04,2020-11-23,Gerda Norton
"Dibbert, Krajcik and Labadie",fevered3@indiatimes.com,Freedman Evered,2020-08-08,2020-09-21,Cristie Mauchlen
"Dibbert, Krajcik and Labadie",fevered3@indiatimes.com,Freedman Evered,2020-08-06,2020-11-13,Erskine Ghelerdini
"Dibbert, Krajcik and Labadie",fevered3@indiatimes.com,Freedman Evered,2020-08-11,2020-11-28,Erskine Ghelerdini
"Dibbert, Krajcik and Labadie",fevered3@indiatimes.com,Freedman Evered,2020-11-07,2020-09-05,Marion Barrat
"Dibbert, Krajcik and Labadie",fevered3@indiatimes.com,Freedman Evered,2020-10-23,2020-09-25,Marion Barrat
"Dibbert, Krajcik and Labadie",fevered3@indiatimes.com,Freedman Evered,2020-07-17,2020-10-22,Paton Conaghy
"Dibbert, Krajcik and Labadie",fevered3@indiatimes.com,Freedman Evered,2020-07-13,2020-08-09,Stephine Alleburton
"Dibbert, Krajcik and Labadie",fevered3@indiatimes.com,Freedman Evered,2020-09-16,2020-09-16,Stephine Alleburton
"Dibbert, Krajcik and Labadie",fevered3@indiatimes.com,Freedman Evered,2020-07-15,2020-08-14,Amalee Thredder
"Dibbert, Krajcik and Labadie",fevered3@indiatimes.com,Freedman Evered,2020-09-11,2020-09-14,Rutledge Oakhill
"Dibbert, Krajcik and Labadie",fevered3@indiatimes.com,Freedman Evered,2020-07-20,2020-10-08,Minna Bowes
"Dibbert, Krajcik and Labadie",fevered3@indiatimes.com,Freedman Evered,2020-11-23,2020-07-17,Minna Bowes
"Dibbert, Krajcik and Labadie",fevered3@indiatimes.com,Freedman Evered,2020-09-23,2020-10-19,Jan Stocker
"Dibbert, Krajcik and Labadie",fevered3@indiatimes.com,Freedman Evered,2020-08-29,2020-09-06,Shauna Backwell
"Dibbert, Krajcik and Labadie",fevered3@indiatimes.com,Freedman Evered,2020-10-25,2020-10-20,Elyssa Masarrat
"Dibbert, Krajcik and Labadie",fevered3@indiatimes.com,Freedman Evered,2020-10-11,2020-07-08,Margery Oswick
"Dibbert, Krajcik and Labadie",fevered3@indiatimes.com,Freedman Evered,2020-08-25,2020-10-20,Margery Oswick
"Dibbert, Krajcik and Labadie",fevered3@indiatimes.com,Freedman Evered,2020-09-17,2020-10-28,Teressa Sparks
Beahan-Mosciski,fevered3@indiatimes.com,Freedman Evered,2020-07-20,2020-09-21,Annadiana Lugton
Beahan-Mosciski,fevered3@indiatimes.com,Freedman Evered,2020-11-21,2020-10-10,Annadiana Lugton
Beahan-Mosciski,fevered3@indiatimes.com,Freedman Evered,2020-07-04,2020-10-05,Ernesto Assinder
Beahan-Mosciski,fevered3@indiatimes.com,Freedman Evered,2020-07-14,2020-12-06,Zacherie Bullimore
Beahan-Mosciski,fevered3@indiatimes.com,Freedman Evered,2020-09-24,2020-11-05,Bessie Cammomile
Beahan-Mosciski,fevered3@indiatimes.com,Freedman Evered,2020-07-05,2020-12-03,Shaylynn Chippendale
Beahan-Mosciski,fevered3@indiatimes.com,Freedman Evered,2020-08-30,2020-11-13,Ibrahim Burdass
Beahan-Mosciski,fevered3@indiatimes.com,Freedman Evered,2020-11-13,2020-11-22,Ibrahim Burdass
Beahan-Mosciski,fevered3@indiatimes.com,Freedman Evered,2020-11-23,2020-11-08,Ibrahim Burdass
Beahan-Mosciski,fevered3@indiatimes.com,Freedman Evered,2020-10-23,2020-08-01,Ibrahim Burdass
Beahan-Mosciski,fevered3@indiatimes.com,Freedman Evered,2020-10-01,2020-12-03,Ava Getty
Beahan-Mosciski,fevered3@indiatimes.com,Freedman Evered,2020-08-24,2020-11-26,Dode MacInherney
Beahan-Mosciski,fevered3@indiatimes.com,Freedman Evered,2020-09-10,2020-11-11,Duky Goward
Beahan-Mosciski,fevered3@indiatimes.com,Freedman Evered,2020-11-08,2020-10-17,Lalo Filimore
Beahan-Mosciski,fevered3@indiatimes.com,Freedman Evered,2020-10-15,2020-09-26,Derron Thorald
Beahan-Mosciski,fevered3@indiatimes.com,Freedman Evered,2020-09-04,2020-09-07,Gran Liston
Beahan-Mosciski,fevered3@indiatimes.com,Freedman Evered,2020-10-13,2020-08-26,Jaquenetta Palk
Beahan-Mosciski,fevered3@indiatimes.com,Freedman Evered,2020-08-07,2020-09-16,Barbette Pettecrew
Beahan-Mosciski,fevered3@indiatimes.com,Freedman Evered,2020-08-14,2020-07-11,Barbette Pettecrew
Beahan-Mosciski,fevered3@indiatimes.com,Freedman Evered,2020-10-08,2020-12-03,Quinlan Lawry
Beahan-Mosciski,fevered3@indiatimes.com,Freedman Evered,2020-11-14,2020-10-14,Vaughn Scyner
Beahan-Mosciski,fevered3@indiatimes.com,Freedman Evered,2020-07-18,2020-10-04,Ethelbert Wilcox
Beahan-Mosciski,fevered3@indiatimes.com,Freedman Evered,2020-11-08,2020-09-08,Ethelbert Wilcox
Beahan-Mosciski,fevered3@indiatimes.com,Freedman Evered,2020-12-05,2020-07-18,Felecia Guynemer
Beahan-Mosciski,fevered3@indiatimes.com,Freedman Evered,2020-12-03,2020-09-05,Melvyn Dawdry
Beahan-Mosciski,fevered3@indiatimes.com,Freedman Evered,2020-07-10,2020-10-21,Melvyn Dawdry
Beahan-Mosciski,fevered3@indiatimes.com,Freedman Evered,2020-09-06,2020-12-03,Jenilee Francioli
Beahan-Mosciski,fevered3@indiatimes.com,Freedman Evered,2020-10-25,2020-10-06,Bernie Neve
Beahan-Mosciski,fevered3@indiatimes.com,Freedman Evered,2020-07-07,2020-11-24,Paton Conaghy
Beahan-Mosciski,fevered3@indiatimes.com,Freedman Evered,2020-07-22,2020-09-07,Stephine Alleburton
Beahan-Mosciski,fevered3@indiatimes.com,Freedman Evered,2020-09-01,2020-11-22,Stephine Alleburton
Beahan-Mosciski,fevered3@indiatimes.com,Freedman Evered,2020-10-05,2020-09-11,Candie Klehyn
Beahan-Mosciski,fevered3@indiatimes.com,Freedman Evered,2020-12-04,2020-11-06,Amalee Thredder
Beahan-Mosciski,fevered3@indiatimes.com,Freedman Evered,2020-08-23,2020-11-10,Rutledge Oakhill
Beahan-Mosciski,fevered3@indiatimes.com,Freedman Evered,2020-09-06,2020-10-23,Minna Bowes
Beahan-Mosciski,fevered3@indiatimes.com,Freedman Evered,2020-08-22,2020-10-21,Jammal Arlt
Beahan-Mosciski,fevered3@indiatimes.com,Freedman Evered,2020-08-09,2020-07-18,Jammal Arlt
Beahan-Mosciski,fevered3@indiatimes.com,Freedman Evered,2020-09-05,2020-09-16,Francine Simion
Beahan-Mosciski,fevered3@indiatimes.com,Freedman Evered,2020-12-07,2020-09-17,Francine Simion
Beahan-Mosciski,fevered3@indiatimes.com,Freedman Evered,2020-11-08,2020-12-04,Alford Kline
Beahan-Mosciski,fevered3@indiatimes.com,Freedman Evered,2020-07-03,2020-11-05,Alford Kline
Beahan-Mosciski,fevered3@indiatimes.com,Freedman Evered,2020-07-19,2020-07-14,Teressa Sparks
Beahan-Mosciski,fevered3@indiatimes.com,Freedman Evered,2020-09-01,2020-11-10,Teressa Sparks
Auer-Robel,nborrington0@hubpages.com,Nada Borrington,2020-11-22,2020-08-02,Ernesto Assinder
Auer-Robel,nborrington0@hubpages.com,Nada Borrington,2020-12-07,2020-11-14,Ernesto Assinder
Auer-Robel,nborrington0@hubpages.com,Nada Borrington,2020-11-07,2020-08-04,Ardith Bavester
Auer-Robel,nborrington0@hubpages.com,Nada Borrington,2020-07-07,2020-08-25,Frannie Coare
Auer-Robel,nborrington0@hubpages.com,Nada Borrington,2020-07-03,2020-07-11,Frannie Coare
Auer-Robel,nborrington0@hubpages.com,Nada Borrington,2020-08-08,2020-08-20,Zacherie Bullimore
Auer-Robel,nborrington0@hubpages.com,Nada Borrington,2020-10-27,2020-08-30,Randal Bettanay
Auer-Robel,nborrington0@hubpages.com,Nada Borrington,2020-11-15,2020-11-22,Bessie Cammomile
Auer-Robel,nborrington0@hubpages.com,Nada Borrington,2020-11-20,2020-08-06,Bessie Cammomile
Auer-Robel,nborrington0@hubpages.com,Nada Borrington,2020-09-02,2020-12-04,Jameson Oliphard
Auer-Robel,nborrington0@hubpages.com,Nada Borrington,2020-11-21,2020-08-28,Darb Bertram
Auer-Robel,nborrington0@hubpages.com,Nada Borrington,2020-10-27,2020-08-13,Ibrahim Burdass
Auer-Robel,nborrington0@hubpages.com,Nada Borrington,2020-12-04,2020-09-10,Ibrahim Burdass
Auer-Robel,nborrington0@hubpages.com,Nada Borrington,2020-10-28,2020-10-22,Ibrahim Burdass
Auer-Robel,nborrington0@hubpages.com,Nada Borrington,2020-10-28,2020-10-31,Leone MacFadin
Auer-Robel,nborrington0@hubpages.com,Nada Borrington,2020-07-02,2020-11-17,Dode MacInherney
Auer-Robel,nborrington0@hubpages.com,Nada Borrington,2020-11-23,2020-10-22,Sibelle Buglar
Auer-Robel,nborrington0@hubpages.com,Nada Borrington,2020-11-02,2020-10-31,Barbette Pettecrew
Auer-Robel,nborrington0@hubpages.com,Nada Borrington,2020-10-01,2020-11-09,Quinlan Lawry
Auer-Robel,nborrington0@hubpages.com,Nada Borrington,2020-11-03,2020-07-18,Vaughn Scyner
Auer-Robel,nborrington0@hubpages.com,Nada Borrington,2020-10-15,2020-08-22,Jany Sudron
Auer-Robel,nborrington0@hubpages.com,Nada Borrington,2020-07-31,2020-07-24,Melvyn Dawdry
Auer-Robel,nborrington0@hubpages.com,Nada Borrington,2020-09-20,2020-09-22,Avrom McColl
Auer-Robel,nborrington0@hubpages.com,Nada Borrington,2020-10-18,2020-07-17,Avrom McColl
Auer-Robel,nborrington0@hubpages.com,Nada Borrington,2020-07-16,2020-09-13,Gerda Norton
Auer-Robel,nborrington0@hubpages.com,Nada Borrington,2020-11-27,2020-11-03,Timotheus Kefford
Auer-Robel,nborrington0@hubpages.com,Nada Borrington,2020-10-04,2020-10-29,Timotheus Kefford
Auer-Robel,nborrington0@hubpages.com,Nada Borrington,2020-07-09,2020-08-12,Dimitry Jandak
Auer-Robel,nborrington0@hubpages.com,Nada Borrington,2020-08-31,2020-10-23,Dimitry Jandak
Auer-Robel,nborrington0@hubpages.com,Nada Borrington,2020-09-19,2020-07-25,Myrna Mulhall
Auer-Robel,nborrington0@hubpages.com,Nada Borrington,2020-09-17,2020-11-13,Myrna Mulhall
Auer-Robel,nborrington0@hubpages.com,Nada Borrington,2020-11-12,2020-10-12,Jenilee Francioli
Auer-Robel,nborrington0@hubpages.com,Nada Borrington,2020-10-30,2020-11-18,Kellina O' Concannon
Auer-Robel,nborrington0@hubpages.com,Nada Borrington,2020-10-22,2020-09-01,Greta Cone
Auer-Robel,nborrington0@hubpages.com,Nada Borrington,2020-07-18,2020-07-30,Amalee Thredder
Auer-Robel,nborrington0@hubpages.com,Nada Borrington,2020-07-02,2020-11-24,Rutledge Oakhill
Auer-Robel,nborrington0@hubpages.com,Nada Borrington,2020-07-20,2020-09-09,Jan Stocker
Auer-Robel,nborrington0@hubpages.com,Nada Borrington,2020-11-09,2020-09-18,Rudolfo Jowers
Auer-Robel,nborrington0@hubpages.com,Nada Borrington,2020-09-03,2020-09-28,Rudolfo Jowers
Auer-Robel,nborrington0@hubpages.com,Nada Borrington,2020-07-06,2020-08-09,Siana Dakers
DuBuque and Sons,kligoe9@topsy.com,Kenneth Ligoe,2020-11-18,2020-11-05,Corette Charon
DuBuque and Sons,kligoe9@topsy.com,Kenneth Ligoe,2020-12-01,2020-11-07,Annadiana Lugton
DuBuque and Sons,kligoe9@topsy.com,Kenneth Ligoe,2020-11-08,2020-09-04,Annadiana Lugton
DuBuque and Sons,kligoe9@topsy.com,Kenneth Ligoe,2020-09-12,2020-11-15,Frannie Coare
DuBuque and Sons,kligoe9@topsy.com,Kenneth Ligoe,2020-11-26,2020-09-16,Neila Scates
DuBuque and Sons,kligoe9@topsy.com,Kenneth Ligoe,2020-07-01,2020-10-04,Jeanie Smithson
DuBuque and Sons,kligoe9@topsy.com,Kenneth Ligoe,2020-07-29,2020-10-25,Darb Bertram
DuBuque and Sons,kligoe9@topsy.com,Kenneth Ligoe,2020-09-12,2020-09-29,Darb Bertram
DuBuque and Sons,kligoe9@topsy.com,Kenneth Ligoe,2020-09-30,2020-11-01,Darb Bertram
DuBuque and Sons,kligoe9@topsy.com,Kenneth Ligoe,2020-11-13,2020-07-11,Ava Getty
DuBuque and Sons,kligoe9@topsy.com,Kenneth Ligoe,2020-07-06,2020-07-23,Dode MacInherney
DuBuque and Sons,kligoe9@topsy.com,Kenneth Ligoe,2020-09-13,2020-07-01,Duky Goward
DuBuque and Sons,kligoe9@topsy.com,Kenneth Ligoe,2020-07-08,2020-10-31,Lalo Filimore
DuBuque and Sons,kligoe9@topsy.com,Kenneth Ligoe,2020-10-03,2020-09-22,Sibelle Buglar
DuBuque and Sons,kligoe9@topsy.com,Kenneth Ligoe,2020-08-15,2020-11-30,Gran Liston
DuBuque and Sons,kligoe9@topsy.com,Kenneth Ligoe,2020-11-17,2020-10-01,Jaquenetta Palk
DuBuque and Sons,kligoe9@topsy.com,Kenneth Ligoe,2020-11-16,2020-11-30,Jaquenetta Palk
DuBuque and Sons,kligoe9@topsy.com,Kenneth Ligoe,2020-11-24,2020-07-11,Barbette Pettecrew
DuBuque and Sons,kligoe9@topsy.com,Kenneth Ligoe,2020-11-16,2020-09-24,Jany Sudron
DuBuque and Sons,kligoe9@topsy.com,Kenneth Ligoe,2020-09-30,2020-09-17,Felecia Guynemer
DuBuque and Sons,kligoe9@topsy.com,Kenneth Ligoe,2020-11-11,2020-08-04,Felecia Guynemer
DuBuque and Sons,kligoe9@topsy.com,Kenneth Ligoe,2020-08-17,2020-09-21,Melvyn Dawdry
DuBuque and Sons,kligoe9@topsy.com,Kenneth Ligoe,2020-08-04,2020-11-29,Melvyn Dawdry
DuBuque and Sons,kligoe9@topsy.com,Kenneth Ligoe,2020-11-06,2020-12-06,Avrom McColl
DuBuque and Sons,kligoe9@topsy.com,Kenneth Ligoe,2020-11-01,2020-10-03,Gerda Norton
DuBuque and Sons,kligoe9@topsy.com,Kenneth Ligoe,2020-11-20,2020-07-17,Cristie Mauchlen
DuBuque and Sons,kligoe9@topsy.com,Kenneth Ligoe,2020-09-04,2020-07-25,Cristie Mauchlen
DuBuque and Sons,kligoe9@topsy.com,Kenneth Ligoe,2020-07-04,2020-07-03,Erskine Ghelerdini
DuBuque and Sons,kligoe9@topsy.com,Kenneth Ligoe,2020-08-20,2020-10-09,Jenilee Francioli
DuBuque and Sons,kligoe9@topsy.com,Kenneth Ligoe,2020-07-31,2020-10-24,Jenilee Francioli
DuBuque and Sons,kligoe9@topsy.com,Kenneth Ligoe,2020-10-27,2020-09-07,Larisa Kondratovich
DuBuque and Sons,kligoe9@topsy.com,Kenneth Ligoe,2020-10-09,2020-10-25,Greta Cone
DuBuque and Sons,kligoe9@topsy.com,Kenneth Ligoe,2020-08-31,2020-08-12,Greta Cone
DuBuque and Sons,kligoe9@topsy.com,Kenneth Ligoe,2020-09-25,2020-07-19,Bernie Neve
DuBuque and Sons,kligoe9@topsy.com,Kenneth Ligoe,2020-09-21,2020-08-06,Bernie Neve
DuBuque and Sons,kligoe9@topsy.com,Kenneth Ligoe,2020-11-24,2020-08-02,Barrie Chastaing
DuBuque and Sons,kligoe9@topsy.com,Kenneth Ligoe,2020-10-21,2020-08-08,Paton Conaghy
DuBuque and Sons,kligoe9@topsy.com,Kenneth Ligoe,2020-09-15,2020-08-24,Stephine Alleburton
DuBuque and Sons,kligoe9@topsy.com,Kenneth Ligoe,2020-08-22,2020-07-19,Stephine Alleburton
DuBuque and Sons,kligoe9@topsy.com,Kenneth Ligoe,2020-07-16,2020-10-23,Candie Klehyn
DuBuque and Sons,kligoe9@topsy.com,Kenneth Ligoe,2020-07-15,2020-10-26,Amalee Thredder
DuBuque and Sons,kligoe9@topsy.com,Kenneth Ligoe,2020-11-15,2020-09-07,Rutledge Oakhill
DuBuque and Sons,kligoe9@topsy.com,Kenneth Ligoe,2020-12-03,2020-07-01,Jan Stocker
DuBuque and Sons,kligoe9@topsy.com,Kenneth Ligoe,2020-07-30,2020-09-19,Jan Stocker
DuBuque and Sons,kligoe9@topsy.com,Kenneth Ligoe,2020-07-12,2020-07-06,Shauna Backwell
DuBuque and Sons,kligoe9@topsy.com,Kenneth Ligoe,2020-07-10,2020-07-24,Elyssa Masarrat
DuBuque and Sons,kligoe9@topsy.com,Kenneth Ligoe,2020-07-23,2020-09-16,Rudolfo Jowers
DuBuque and Sons,kligoe9@topsy.com,Kenneth Ligoe,2020-09-20,2020-10-03,Siana Dakers
DuBuque and Sons,kligoe9@topsy.com,Kenneth Ligoe,2020-09-04,2020-09-03,Teressa Sparks
DuBuque and Sons,kligoe9@topsy.com,Kenneth Ligoe,2020-10-08,2020-08-23,Teressa Sparks
Botsford-Boyle,glevens8@microsoft.com,Gerhardt Levens,2020-08-11,2020-09-14,Ernesto Assinder
Botsford-Boyle,glevens8@microsoft.com,Gerhardt Levens,2020-11-30,2020-08-06,Frannie Coare
Botsford-Boyle,glevens8@microsoft.com,Gerhardt Levens,2020-09-05,2020-08-29,Frannie Coare
Botsford-Boyle,glevens8@microsoft.com,Gerhardt Levens,2020-10-20,2020-08-23,Neila Scates
Botsford-Boyle,glevens8@microsoft.com,Gerhardt Levens,2020-07-18,2020-10-03,Wain Tidbald
Botsford-Boyle,glevens8@microsoft.com,Gerhardt Levens,2020-08-04,2020-12-01,Jameson Oliphard
Botsford-Boyle,glevens8@microsoft.com,Gerhardt Levens,2020-09-27,2020-09-21,Darb Bertram
Botsford-Boyle,glevens8@microsoft.com,Gerhardt Levens,2020-10-23,2020-08-13,Shaylynn Chippendale
Botsford-Boyle,glevens8@microsoft.com,Gerhardt Levens,2020-08-07,2020-10-18,Shaylynn Chippendale
Botsford-Boyle,glevens8@microsoft.com,Gerhardt Levens,2020-08-25,2020-09-12,Ibrahim Burdass
Botsford-Boyle,glevens8@microsoft.com,Gerhardt Levens,2020-08-28,2020-07-22,Vaughn Scyner
Botsford-Boyle,glevens8@microsoft.com,Gerhardt Levens,2020-10-01,2020-09-15,Jany Sudron
Botsford-Boyle,glevens8@microsoft.com,Gerhardt Levens,2020-10-03,2020-08-29,Felecia Guynemer
Botsford-Boyle,glevens8@microsoft.com,Gerhardt Levens,2020-07-31,2020-09-30,Avrom McColl
Botsford-Boyle,glevens8@microsoft.com,Gerhardt Levens,2020-11-22,2020-07-15,Avrom McColl
Botsford-Boyle,glevens8@microsoft.com,Gerhardt Levens,2020-11-28,2020-10-01,Gerda Norton
Botsford-Boyle,glevens8@microsoft.com,Gerhardt Levens,2020-09-01,2020-11-28,Gerda Norton
Botsford-Boyle,glevens8@microsoft.com,Gerhardt Levens,2020-10-04,2020-11-30,Erskine Ghelerdini
Botsford-Boyle,glevens8@microsoft.com,Gerhardt Levens,2020-10-10,2020-10-13,Xavier Bilston
Botsford-Boyle,glevens8@microsoft.com,Gerhardt Levens,2020-07-06,2020-08-17,Kellina O' Concannon
Botsford-Boyle,glevens8@microsoft.com,Gerhardt Levens,2020-09-16,2020-07-06,Stephine Alleburton
Botsford-Boyle,glevens8@microsoft.com,Gerhardt Levens,2020-10-10,2020-07-24,Candie Klehyn
Botsford-Boyle,glevens8@microsoft.com,Gerhardt Levens,2020-11-29,2020-08-04,Rutledge Oakhill
Botsford-Boyle,glevens8@microsoft.com,Gerhardt Levens,2020-09-22,2020-07-17,Rutledge Oakhill
Botsford-Boyle,glevens8@microsoft.com,Gerhardt Levens,2020-10-28,2020-12-05,Minna Bowes
Botsford-Boyle,glevens8@microsoft.com,Gerhardt Levens,2020-11-01,2020-11-28,Minna Bowes
Botsford-Boyle,glevens8@microsoft.com,Gerhardt Levens,2020-08-18,2020-08-05,Minna Bowes
Botsford-Boyle,glevens8@microsoft.com,Gerhardt Levens,2020-08-18,2020-11-07,Jammal Arlt
Botsford-Boyle,glevens8@microsoft.com,Gerhardt Levens,2020-07-12,2020-07-20,Jan Stocker
Botsford-Boyle,glevens8@microsoft.com,Gerhardt Levens,2020-07-11,2020-08-22,Elyssa Masarrat
Botsford-Boyle,glevens8@microsoft.com,Gerhardt Levens,2020-10-09,2020-12-04,Whit Shadrack
Botsford-Boyle,glevens8@microsoft.com,Gerhardt Levens,2020-10-31,2020-12-04,Rudolfo Jowers
Botsford-Boyle,glevens8@microsoft.com,Gerhardt Levens,2020-07-07,2020-11-04,Siana Dakers
